id,first_name,last_name,email,gender,ip_address
1,Bret,Durn,bdurn0@linkedin.com,Male,73.48.74.11
2,Dunstan,Winks,dwinks1@reverbnation.com,Male,117.78.16.77
3,Christi,Treasure,ctreasure2@eepurl.com,Female,76.238.2.32
4,Shena,Biner,sbiner3@dell.com,Female,54.117.154.184
5,Kaela,Kopfen,kkopfen4@bbc.co.uk,Female,81.41.163.151
6,Willie,Devita,wdevita5@forbes.com,Male,69.206.115.234
7,Julio,Eliyahu,jeliyahu6@toplist.cz,Male,244.129.105.58
8,Cecily,Feild,cfeild7@aboutads.info,Female,109.231.120.138
9,Elianora,Trippitt,etrippitt8@icio.us,Female,20.243.73.202
10,Dannie,O'Carmody,docarmody9@npr.org,Male,5.245.24.58
11,Michel,Petriello,mpetrielloa@weebly.com,Male,45.191.205.106
12,Merl,Bellord,mbellordb@google.com,Female,19.169.255.158
13,Enrica,Carlet,ecarletc@discuz.net,Female,253.103.173.122
14,Edouard,Doughill,edoughilld@hp.com,Male,198.27.100.131
15,Ulla,Emanuelli,uemanuellie@list-manage.com,Genderfluid,170.109.205.250
16,Nerty,Winterborne,nwinterbornef@ebay.co.uk,Female,122.84.180.36
17,Aurelea,Phear,aphearg@bloglines.com,Female,239.208.153.218
18,Gwenni,Gravet,ggraveth@netvibes.com,Female,78.194.118.110
19,Jo ann,Manie,jmaniei@artisteer.com,Genderfluid,29.127.98.228
20,Cassondra,Challenger,cchallengerj@umich.edu,Female,144.28.69.127
21,Frank,Keenlayside,fkeenlaysidek@walmart.com,Male,54.221.209.130
22,Innis,Lerner,ilernerl@uiuc.edu,Male,228.232.14.89
23,Bill,Colleer,bcolleerm@blogspot.com,Female,114.175.96.138
24,Blinnie,Anselm,banselmn@jalbum.net,Female,164.133.144.239
25,Talia,Fawlks,tfawlkso@census.gov,Female,27.195.132.26
26,Rowan,Sloley,rsloleyp@i2i.jp,Male,168.187.33.218
27,Sybila,Roll,srollq@blogger.com,Female,18.81.12.65
28,Dyanna,Sterland,dsterlandr@macromedia.com,Female,99.82.0.244
29,Gerry,Poulter,gpoulters@tripod.com,Male,86.89.238.43
30,Hilton,Tiuit,htiuitt@imdb.com,Male,62.0.39.95
31,Jacqueline,D'Alessio,jdalessiou@usnews.com,Female,180.132.170.21
32,Corby,Tippell,ctippellv@hud.gov,Male,92.51.75.139
33,Andeee,Bloxsom,abloxsomw@deliciousdays.com,Female,10.23.196.6
34,Amalee,Horbart,ahorbartx@deliciousdays.com,Female,101.240.160.31
35,Danie,Guerreiro,dguerreiroy@economist.com,Genderfluid,76.38.175.194
36,Philip,Trenholm,ptrenholmz@smugmug.com,Male,72.80.115.73
37,Luis,Darnody,ldarnody10@jigsy.com,Male,226.121.155.36
38,Ezequiel,Aisthorpe,eaisthorpe11@sun.com,Male,100.41.124.105
39,Andrej,Schulz,aschulz12@addthis.com,Male,87.22.137.250
40,Taddeo,Ferrara,tferrara13@microsoft.com,Male,24.128.228.7
41,Jacky,Bonson,jbonson14@nydailynews.com,Male,162.32.207.184
42,Bowie,Bridal,bbridal15@nsw.gov.au,Male,213.160.69.129
43,Templeton,Levee,tlevee16@purevolume.com,Male,116.77.57.107
44,Clevie,Veivers,cveivers17@irs.gov,Male,174.25.135.184
45,Audrye,Baudoux,abaudoux18@icio.us,Female,110.23.102.167
46,Derrick,Millthorpe,dmillthorpe19@economist.com,Bigender,147.157.71.79
47,Fletcher,Carloni,fcarloni1a@redcross.org,Male,99.10.13.157
48,Merle,Rothman,mrothman1b@spiegel.de,Female,95.62.131.220
49,Bret,Eudall,beudall1c@ox.ac.uk,Male,48.138.56.250
50,Astra,Hindrick,ahindrick1d@ebay.co.uk,Female,244.21.167.105
51,Morgan,Tellwright,mtellwright1e@toplist.cz,Female,32.164.195.40
52,Gavrielle,Hirche,ghirche1f@hibu.com,Female,77.248.147.35
53,Ketti,Hattiff,khattiff1g@pen.io,Female,3.80.90.187
54,Ware,Swayne,wswayne1h@vimeo.com,Male,208.102.175.13
55,Kaiser,Lambertson,klambertson1i@feedburner.com,Male,80.58.72.118
56,Roldan,Angric,rangric1j@google.com,Male,137.157.227.161
57,Corri,Loch,cloch1k@vimeo.com,Female,173.160.64.142
58,Clerkclaude,Horbath,chorbath1l@go.com,Male,18.153.14.83
59,Joshuah,Perago,jperago1m@telegraph.co.uk,Male,154.185.218.160
60,Amberly,Burgwin,aburgwin1n@jimdo.com,Female,195.233.122.45
61,Doreen,Gladwin,dgladwin1o@t-online.de,Female,114.22.34.79
62,Bernete,Cartmill,bcartmill1p@scientificamerican.com,Female,217.26.167.134
63,Gabbi,Malone,gmalone1q@tamu.edu,Female,196.137.77.241
64,Hilde,Cranke,hcranke1r@facebook.com,Female,22.189.118.2
65,Matthieu,Haggarty,mhaggarty1s@vk.com,Male,66.246.219.210
66,Alexis,Huelin,ahuelin1t@plala.or.jp,Female,111.45.134.219
67,Sadella,Muzzini,smuzzini1u@sina.com.cn,Female,212.63.175.244
68,Leeanne,Brereton,lbrereton1v@techcrunch.com,Female,26.109.152.100
69,Rickert,Collip,rcollip1w@list-manage.com,Male,238.228.128.86
70,Denny,Cromack,dcromack1x@uol.com.br,Female,34.163.48.244
71,Nelly,Fiddeman,nfiddeman1y@ed.gov,Female,3.95.204.179
72,Jarrett,Bestman,jbestman1z@fc2.com,Male,111.35.16.138
73,Lyell,Vellden,lvellden20@shutterfly.com,Male,61.141.208.54
74,Peyter,Ayars,payars21@reference.com,Male,155.49.99.220
75,Wood,Britten,wbritten22@myspace.com,Male,123.202.204.223
76,Noelani,Lamacraft,nlamacraft23@wsj.com,Female,103.131.22.120
77,Wilona,Spuner,wspuner24@prnewswire.com,Female,64.27.226.107
78,Greer,Serrier,gserrier25@quantcast.com,Female,139.60.84.73
79,Joycelin,Mathivet,jmathivet26@mashable.com,Female,66.232.176.254
80,Zaneta,Harrington,zharrington27@house.gov,Female,198.57.220.179
81,Greta,Kinchley,gkinchley28@unesco.org,Female,63.224.251.136
82,Vivia,Cluatt,vcluatt29@bloglovin.com,Genderfluid,66.248.127.152
83,Adelbert,Jeacocke,ajeacocke2a@cbslocal.com,Male,31.250.170.249
84,Malachi,Lintill,mlintill2b@feedburner.com,Male,199.217.71.142
85,Elga,Grierson,egrierson2c@mysql.com,Non-binary,64.25.154.174
86,Fern,Charman,fcharman2d@comsenz.com,Female,78.154.115.94
87,Devonne,McCloid,dmccloid2e@meetup.com,Female,237.10.96.99
88,Alexandr,Kelley,akelley2f@google.de,Male,239.75.252.188
89,Charleen,Attac,cattac2g@ft.com,Female,120.153.130.235
90,Kenneth,Shooter,kshooter2h@soundcloud.com,Male,23.18.28.74
91,Devan,Petersen,dpetersen2i@ftc.gov,Female,103.55.160.233
92,Timothy,Rannells,trannells2j@google.com.au,Male,249.236.182.237
93,Leicester,Buske,lbuske2k@reuters.com,Male,179.82.240.26
94,Otes,Cochern,ocochern2l@webmd.com,Male,251.215.34.247
95,Hi,Jentin,hjentin2m@bluehost.com,Male,151.183.63.123
96,Carolina,Alcalde,calcalde2n@boston.com,Female,93.192.210.25
97,Magdalene,Search,msearch2o@apache.org,Female,203.67.217.166
98,Elisabetta,Hiddy,ehiddy2p@weibo.com,Female,40.138.201.244
99,Bibby,Irdale,birdale2q@who.int,Female,4.119.131.45
100,Stanfield,Bancroft,sbancroft2r@google.it,Male,66.33.79.162
101,Griff,Redgrove,gredgrove2s@w3.org,Male,204.201.194.105
102,Pip,Pigne,ppigne2t@vk.com,Male,91.152.188.168
103,Cory,Narracott,cnarracott2u@netlog.com,Male,132.88.133.32
104,Jonas,Piesing,jpiesing2v@ezinearticles.com,Polygender,236.49.215.50
105,Lissie,Pacheco,lpacheco2w@google.nl,Female,150.86.36.151
106,Prue,Gradwell,pgradwell2x@a8.net,Female,73.49.135.145
107,Cassey,Cardenoso,ccardenoso2y@tumblr.com,Female,80.173.121.43
108,Web,Caris,wcaris2z@nymag.com,Male,114.184.208.242
109,Hubie,Fowley,hfowley30@bloomberg.com,Male,227.214.235.12
110,Valenka,Oneil,voneil31@amazonaws.com,Agender,194.208.2.210
111,Cari,Bisgrove,cbisgrove32@dot.gov,Female,15.169.149.103
112,Antonietta,Blaszczynski,ablaszczynski33@dailymail.co.uk,Female,187.129.246.196
113,Menard,Rawes,mrawes34@exblog.jp,Male,241.0.135.128
114,Cynde,Haselup,chaselup35@barnesandnoble.com,Female,20.91.24.104
115,Fidelia,Curd,fcurd36@yale.edu,Female,215.176.29.128
116,Julio,Troni,jtroni37@sciencedaily.com,Male,71.171.50.12
117,Gwenette,Locksley,glocksley38@arizona.edu,Female,18.114.44.214
118,Gris,Goucher,ggoucher39@google.nl,Male,4.10.75.12
119,Emmett,Sabey,esabey3a@issuu.com,Male,172.37.185.1
120,Glynn,Meak,gmeak3b@google.co.jp,Male,145.59.13.15
121,Kaitlynn,Tooze,ktooze3c@vistaprint.com,Female,80.82.241.64
122,Ashia,Trime,atrime3d@msu.edu,Female,156.169.179.90
123,Shena,Stobie,sstobie3e@comsenz.com,Non-binary,52.182.105.176
124,Kissiah,Rawlison,krawlison3f@nps.gov,Female,46.187.240.60
125,Meridith,Colebeck,mcolebeck3g@typepad.com,Female,237.231.45.35
126,Beatrix,MacSkeagan,bmacskeagan3h@amazon.com,Female,46.237.215.209
127,Gaylor,Pingston,gpingston3i@intel.com,Non-binary,9.242.116.193
128,Woodrow,Joslin,wjoslin3j@amazon.com,Male,190.144.126.154
129,North,Mealing,nmealing3k@jimdo.com,Male,93.103.66.82
130,Hyman,Tarte,htarte3l@behance.net,Male,26.69.108.194
131,Nichole,Coltman,ncoltman3m@feedburner.com,Male,215.6.97.155
132,Huntlee,Kuschek,hkuschek3n@howstuffworks.com,Male,125.44.232.133
133,Ryann,Scoullar,rscoullar3o@amazon.co.uk,Female,30.93.239.146
134,Stephine,Bubeer,sbubeer3p@buzzfeed.com,Female,248.84.95.74
135,Kelcie,Baton,kbaton3q@typepad.com,Polygender,209.21.206.254
136,Cristen,Breese,cbreese3r@pcworld.com,Female,70.101.155.61
137,Ertha,Paish,epaish3s@google.it,Female,43.166.18.32
138,Freddie,Lindhe,flindhe3t@umn.edu,Male,131.91.245.141
139,Lezley,Iddenden,liddenden3u@yolasite.com,Male,16.95.152.103
140,Desdemona,Hemphall,dhemphall3v@nsw.gov.au,Female,177.144.133.181
141,Diarmid,Cornewell,dcornewell3w@dagondesign.com,Male,59.27.19.26
142,Mart,Scarisbrick,mscarisbrick3x@state.gov,Male,104.162.245.239
143,Antons,Jearum,ajearum3y@google.es,Male,60.179.15.130
144,Leanora,Turk,lturk3z@thetimes.co.uk,Female,144.96.44.243
145,Daveta,Carefull,dcarefull40@redcross.org,Female,178.31.104.66
146,Mirabel,Devigne,mdevigne41@elegantthemes.com,Female,254.222.47.239
147,Roddy,Vedishchev,rvedishchev42@blogs.com,Male,27.180.208.118
148,Ursola,Aspell,uaspell43@tiny.cc,Female,81.242.247.131
149,Raffarty,Heaps,rheaps44@deliciousdays.com,Male,220.210.198.128
150,Konstantin,Ventom,kventom45@google.es,Male,112.13.159.51
151,Adelheid,Velez,avelez46@adobe.com,Female,207.229.33.226
152,Ivie,Cathesyed,icathesyed47@ifeng.com,Female,49.154.2.90
153,Cleopatra,Sachno,csachno48@digg.com,Female,138.63.67.82
154,Arabela,Malec,amalec49@soup.io,Female,247.63.189.231
155,Jordanna,Gier,jgier4a@wikimedia.org,Female,183.2.27.90
156,Hyacintha,Gulliford,hgulliford4b@opensource.org,Female,9.44.100.128
157,Jodie,Ruoff,jruoff4c@princeton.edu,Female,252.48.212.234
158,Dorrie,Vanne,dvanne4d@myspace.com,Female,79.225.102.224
159,Obie,Lyvon,olyvon4e@nature.com,Male,95.5.180.128
160,Theodora,Burgess,tburgess4f@over-blog.com,Female,56.4.145.33
161,Catlee,Decourcy,cdecourcy4g@salon.com,Female,60.42.118.193
162,Deirdre,Abell,dabell4h@samsung.com,Female,97.196.253.30
163,Ramsey,Martinek,rmartinek4i@infoseek.co.jp,Male,192.211.214.79
164,Edithe,Crinidge,ecrinidge4j@vimeo.com,Female,250.6.4.207
165,Luciano,D'orsay,ldorsay4k@intel.com,Male,107.126.108.138
166,Patten,Giabuzzi,pgiabuzzi4l@discovery.com,Male,49.87.43.158
167,Sharon,Fain,sfain4m@ftc.gov,Female,254.34.89.179
168,Jean,Oswald,joswald4n@tiny.cc,Genderfluid,14.92.137.216
169,Loella,Wind,lwind4o@cafepress.com,Female,71.91.76.128
170,Teirtza,Stiger,tstiger4p@who.int,Female,105.174.247.73
171,Quinton,Latta,qlatta4q@techcrunch.com,Male,228.116.255.120
172,Roshelle,Caven,rcaven4r@prlog.org,Female,227.10.28.107
173,Artemus,Swift,aswift4s@sciencedirect.com,Male,110.72.53.74
174,Lyssa,Canada,lcanada4t@fda.gov,Female,238.185.230.250
175,Janean,Ridgley,jridgley4u@printfriendly.com,Female,20.148.183.239
176,Cullin,Hutcheon,chutcheon4v@europa.eu,Male,171.248.193.30
177,Darell,Mayger,dmayger4w@stumbleupon.com,Female,151.185.67.140
178,Jessie,Tuffey,jtuffey4x@wikia.com,Agender,40.88.143.232
179,Morry,Fuentez,mfuentez4y@printfriendly.com,Male,118.107.104.23
180,Richard,Easbie,reasbie4z@exblog.jp,Male,175.111.176.151
181,Alex,Godson,agodson50@fotki.com,Male,249.94.70.238
182,Addie,Domel,adomel51@uol.com.br,Female,234.60.110.196
183,Stanislaus,Jakuszewski,sjakuszewski52@wp.com,Male,82.235.154.63
184,Meryl,Micheau,mmicheau53@vkontakte.ru,Male,10.71.194.106
185,Jewelle,Vennart,jvennart54@irs.gov,Female,222.13.236.66
186,Odetta,Prestner,oprestner55@dell.com,Female,6.37.98.51
187,Dougy,Cubberley,dcubberley56@nih.gov,Male,233.75.139.143
188,Jeth,Cranham,jcranham57@pen.io,Male,53.214.89.138
189,Buddy,Soots,bsoots58@yolasite.com,Male,21.178.51.124
190,Freida,Wixon,fwixon59@imdb.com,Female,102.185.64.17
191,Karleen,Tabary,ktabary5a@surveymonkey.com,Female,10.229.194.81
192,Purcell,Rowbrey,prowbrey5b@ihg.com,Male,122.180.27.115
193,Dedie,Waggitt,dwaggitt5c@youtu.be,Female,111.163.111.8
194,Trix,McMylor,tmcmylor5d@ed.gov,Female,67.211.221.129
195,Phineas,Lothean,plothean5e@foxnews.com,Male,253.185.50.203
196,Kyle,Kelf,kkelf5f@deviantart.com,Female,238.5.185.43
197,Andrew,Upton,aupton5g@last.fm,Male,165.184.25.181
198,Barr,Rudiger,brudiger5h@bing.com,Male,137.29.42.31
199,Filia,McIntosh,fmcintosh5i@wikia.com,Female,145.246.40.213
200,Ardra,De Cruce,adecruce5j@photobucket.com,Female,105.67.133.91
201,Rosamund,Tookey,rtookey5k@constantcontact.com,Female,212.31.176.46
202,Federica,Smurfitt,fsmurfitt5l@washingtonpost.com,Female,120.8.61.11
203,Edmon,Sabathe,esabathe5m@cbc.ca,Male,32.77.29.119
204,Jarad,Kelwick,jkelwick5n@friendfeed.com,Male,47.22.46.11
205,Marinna,Imlen,mimlen5o@instagram.com,Female,87.102.49.203
206,Ted,Ruilton,truilton5p@google.pl,Male,67.224.158.251
207,Lorenzo,Pehrsson,lpehrsson5q@flickr.com,Male,54.11.55.105
208,Dieter,Latey,dlatey5r@unesco.org,Male,30.48.29.149
209,Thatch,Ablett,tablett5s@mashable.com,Male,53.17.50.168
210,Alyosha,LLelweln,allelweln5t@xinhuanet.com,Male,50.108.157.55
211,Vincenty,Melan,vmelan5u@chron.com,Male,206.45.154.62
212,Bonni,Gorling,bgorling5v@wikispaces.com,Female,66.172.203.121
213,Hamel,Tudge,htudge5w@alibaba.com,Genderfluid,95.33.39.84
214,Von,Whithalgh,vwhithalgh5x@digg.com,Agender,198.119.26.141
215,Ninette,Longina,nlongina5y@ameblo.jp,Female,147.232.163.159
216,Corbin,Adnett,cadnett5z@nsw.gov.au,Male,8.23.15.80
217,Claribel,Dubble,cdubble60@bluehost.com,Female,26.140.215.153
218,Liane,Hillatt,lhillatt61@house.gov,Female,85.61.214.233
219,Skippy,Batts,sbatts62@auda.org.au,Male,165.86.66.63
220,Bernarr,Hirtz,bhirtz63@usa.gov,Male,196.139.129.8
221,Selma,Waddingham,swaddingham64@nytimes.com,Female,63.96.31.233
222,Mikol,Erskine Sandys,merskinesandys65@deliciousdays.com,Male,253.10.183.171
223,Thom,Baythorp,tbaythorp66@shop-pro.jp,Male,64.6.123.94
224,Shara,Bitterton,sbitterton67@prweb.com,Female,76.57.166.78
225,Abie,Denisard,adenisard68@macromedia.com,Male,171.96.151.176
226,Geralda,Kobes,gkobes69@tripod.com,Female,112.79.84.196
227,Linn,Terese,lterese6a@jalbum.net,Male,60.157.180.150
228,Myrna,Phayre,mphayre6b@hatena.ne.jp,Female,6.112.59.211
229,Gill,Jopson,gjopson6c@gmpg.org,Female,184.7.106.252
230,Rafe,Degoix,rdegoix6d@whitehouse.gov,Male,73.84.130.7
231,Linet,Lippingwell,llippingwell6e@forbes.com,Female,160.19.114.128
232,Carita,Father,cfather6f@dailymail.co.uk,Female,81.29.105.72
233,Jeanine,Gratten,jgratten6g@admin.ch,Female,46.51.46.66
234,Haskell,Maidlow,hmaidlow6h@marketwatch.com,Male,178.164.34.140
235,Pearl,Jerrold,pjerrold6i@list-manage.com,Female,213.0.190.239
236,Godfry,Gooddie,ggooddie6j@jimdo.com,Male,51.133.236.7
237,Elwin,Brooksbank,ebrooksbank6k@bandcamp.com,Male,202.92.241.62
238,Olag,Hansemann,ohansemann6l@parallels.com,Male,81.220.51.5
239,Nikki,Goudie,ngoudie6m@addthis.com,Female,113.160.10.99
240,Orelie,Jedrzejczyk,ojedrzejczyk6n@nasa.gov,Female,212.152.13.242
241,Edithe,Spir,espir6o@hugedomains.com,Female,34.219.0.235
242,Corrine,Cherrington,ccherrington6p@tinyurl.com,Female,44.60.90.85
243,Janith,Knapp,jknapp6q@uiuc.edu,Female,24.96.189.199
244,Marshall,Apfler,mapfler6r@themeforest.net,Male,116.130.7.92
245,Matt,Cheesman,mcheesman6s@princeton.edu,Male,185.151.62.58
246,Giselbert,Bathoe,gbathoe6t@paypal.com,Male,5.45.95.157
247,Tiffanie,Espadas,tespadas6u@buzzfeed.com,Female,251.178.219.253
248,Ricki,Leacy,rleacy6v@liveinternet.ru,Male,84.190.82.213
249,Tracee,Orringe,torringe6w@comsenz.com,Female,113.106.220.216
250,Neville,Wagner,nwagner6x@github.io,Male,196.254.118.158
251,Fernanda,Del Checolo,fdelchecolo6y@amazon.co.jp,Female,215.74.252.160
252,Hadley,Curado,hcurado6z@abc.net.au,Male,35.221.10.70
253,Shel,Zuker,szuker70@theglobeandmail.com,Female,150.213.20.216
254,Judas,Pithcock,jpithcock71@bigcartel.com,Non-binary,94.116.168.225
255,Marjie,Camell,mcamell72@unc.edu,Female,198.7.167.228
256,Dale,Vasyutin,dvasyutin73@google.it,Genderqueer,104.57.66.24
257,Giulia,Ledgard,gledgard74@webnode.com,Female,99.193.148.201
258,Jocelyne,Nares,jnares75@wired.com,Female,98.47.5.224
259,Trix,Richmont,trichmont76@cyberchimps.com,Female,88.243.82.159
260,Bessy,Bohin,bbohin77@psu.edu,Female,113.196.229.90
261,Justinn,Harrigan,jharrigan78@fda.gov,Female,7.159.73.187
262,Drusie,Vlahos,dvlahos79@xrea.com,Female,74.115.35.118
263,Stafford,Brussels,sbrussels7a@google.co.jp,Male,61.145.249.244
264,Hobey,Laven,hlaven7b@adobe.com,Agender,35.22.15.227
265,Patty,Guerreau,pguerreau7c@biglobe.ne.jp,Female,239.102.33.143
266,Nance,Klousner,nklousner7d@clickbank.net,Female,147.69.162.26
267,Marshal,Mecco,mmecco7e@hp.com,Male,65.186.209.107
268,Tonia,Willmett,twillmett7f@icq.com,Female,250.101.101.199
269,Lanae,Dome,ldome7g@typepad.com,Female,3.26.26.96
270,Julita,Toy,jtoy7h@123-reg.co.uk,Female,135.83.246.133
271,Rayner,Schukert,rschukert7i@samsung.com,Male,88.25.30.247
272,Kareem,Canaan,kcanaan7j@umich.edu,Male,143.108.115.97
273,Sterne,Gonneau,sgonneau7k@marriott.com,Male,5.45.34.250
274,Berenice,Troctor,btroctor7l@nps.gov,Female,219.6.38.0
275,Harrietta,Hiland,hhiland7m@webeden.co.uk,Female,198.151.4.187
276,Mahalia,Chimienti,mchimienti7n@shutterfly.com,Female,25.161.110.113
277,Layla,Roullier,lroullier7o@washington.edu,Female,91.95.194.75
278,Worthington,Hearnaman,whearnaman7p@uol.com.br,Male,221.92.60.216
279,Jose,Haigh,jhaigh7q@wired.com,Male,127.90.195.43
280,Carlie,Simonsson,csimonsson7r@marriott.com,Female,222.114.113.163
281,Ariel,Gannicleff,agannicleff7s@macromedia.com,Female,237.230.110.171
282,Dill,Durbann,ddurbann7t@blog.com,Male,191.172.183.240
283,Elene,Bowdery,ebowdery7u@guardian.co.uk,Female,115.0.56.61
284,Lelia,Rillatt,lrillatt7v@bbb.org,Female,18.187.76.135
285,Klement,Josephson,kjosephson7w@uol.com.br,Male,174.57.195.248
286,Lorens,Tampling,ltampling7x@imgur.com,Male,95.122.47.226
287,Rhona,Barkly,rbarkly7y@upenn.edu,Female,190.44.21.156
288,Charlie,Gibbings,cgibbings7z@statcounter.com,Male,217.164.125.19
289,Briano,Eadon,beadon80@dyndns.org,Male,182.13.215.40
290,Gustaf,Oswal,goswal81@is.gd,Male,232.75.249.141
291,Christy,Youngman,cyoungman82@arizona.edu,Female,49.169.254.105
292,Durand,Kiehl,dkiehl83@opera.com,Male,64.239.219.239
293,Antonietta,Fayer,afayer84@elpais.com,Female,141.75.48.101
294,Irma,Ilyasov,iilyasov85@deviantart.com,Polygender,200.237.109.213
295,Jobi,Edgeson,jedgeson86@edublogs.org,Female,93.156.119.184
296,Patrice,Guerrier,pguerrier87@cbsnews.com,Male,151.201.103.174
297,Salmon,Georghiou,sgeorghiou88@reuters.com,Male,188.52.126.132
298,Pepe,Byatt,pbyatt89@lulu.com,Male,179.168.116.246
299,Eilis,Bowdler,ebowdler8a@drupal.org,Genderfluid,65.123.8.8
300,Aggie,Phelp,aphelp8b@nsw.gov.au,Genderqueer,61.135.123.235
301,Ashleigh,Wrightem,awrightem8c@1688.com,Female,179.195.99.125
302,Consalve,Heinish,cheinish8d@blog.com,Male,255.137.136.93
303,Kelwin,Klimov,kklimov8e@linkedin.com,Male,81.100.117.161
304,Pegeen,Darby,pdarby8f@prnewswire.com,Female,18.19.22.173
305,Keelia,Pollastrone,kpollastrone8g@toplist.cz,Female,119.38.240.85
306,Shawnee,Abbet,sabbet8h@discuz.net,Female,176.76.248.14
307,Garland,Conneau,gconneau8i@mayoclinic.com,Female,4.74.75.137
308,Olivero,Dunguy,odunguy8j@prnewswire.com,Male,221.86.79.158
309,Trey,Tappin,ttappin8k@springer.com,Male,56.36.20.44
310,Avivah,Mattersley,amattersley8l@cbslocal.com,Female,9.114.245.215
311,Sherlock,Leckie,sleckie8m@berkeley.edu,Male,24.46.229.241
312,Sashenka,Baugham,sbaugham8n@blogger.com,Female,40.13.88.170
313,Rufe,Borth,rborth8o@mlb.com,Male,140.228.227.70
314,Tuesday,Nickoll,tnickoll8p@telegraph.co.uk,Female,191.209.233.216
315,Lynette,Pheazey,lpheazey8q@arstechnica.com,Female,189.222.5.31
316,Oby,Widmoor,owidmoor8r@ihg.com,Male,186.112.242.233
317,Kassie,Tollmache,ktollmache8s@wordpress.com,Bigender,39.125.89.82
318,Lidia,Leggett,lleggett8t@hud.gov,Female,22.213.93.167
319,Derrek,Timpany,dtimpany8u@yellowpages.com,Male,69.253.115.120
320,Dionysus,Aubrun,daubrun8v@hao123.com,Male,254.141.192.219
321,Dav,Putt,dputt8w@bizjournals.com,Male,230.18.211.247
322,Gerik,Oldridge,goldridge8x@ustream.tv,Polygender,16.6.29.90
323,Thomas,Pendred,tpendred8y@ehow.com,Bigender,224.144.78.32
324,Kathy,Shields,kshields8z@typepad.com,Female,135.135.102.51
325,Vail,Westcar,vwestcar90@mozilla.com,Male,98.89.220.141
326,Violet,Wainer,vwainer91@globo.com,Female,253.69.184.195
327,Dino,Larvor,dlarvor92@sina.com.cn,Male,156.203.74.13
328,Philippe,MacSharry,pmacsharry93@histats.com,Female,242.82.166.31
329,Chuck,Sawkins,csawkins94@youku.com,Male,229.123.28.150
330,Othilia,Frenzel;,ofrenzel95@telegraph.co.uk,Female,66.27.103.85
331,Cullen,Snoxall,csnoxall96@mozilla.com,Male,36.133.102.145
332,Saidee,Aberkirder,saberkirder97@reddit.com,Female,68.246.202.209
333,Abbi,Asplen,aasplen98@si.edu,Female,231.182.231.173
334,Bron,Mingey,bmingey99@google.pl,Male,63.68.153.1
335,Quinn,Bazely,qbazely9a@seattletimes.com,Female,30.178.35.170
336,Ugo,Vondrak,uvondrak9b@addtoany.com,Male,118.221.79.54
337,Alexandre,Adamski,aadamski9c@jimdo.com,Male,77.241.101.35
338,Bartholomeus,Avrahamy,bavrahamy9d@sohu.com,Male,153.110.55.20
339,Trina,Wakefield,twakefield9e@behance.net,Female,33.129.175.136
340,Hector,Challace,hchallace9f@shop-pro.jp,Male,184.84.19.151
341,Urban,Guillou,uguillou9g@wisc.edu,Male,200.21.101.13
342,Kimberlee,Naseby,knaseby9h@opensource.org,Female,128.10.43.165
343,Cirilo,Albone,calbone9i@toplist.cz,Male,99.65.22.203
344,Iver,Lindhe,ilindhe9j@deviantart.com,Male,16.187.172.174
345,Ariella,Sudlow,asudlow9k@chronoengine.com,Female,213.72.24.40
346,Frasier,Dmych,fdmych9l@cnn.com,Male,79.235.133.77
347,Gaylene,Dangl,gdangl9m@t-online.de,Female,219.157.34.24
348,Milissent,Challoner,mchalloner9n@biblegateway.com,Female,189.222.226.157
349,Finley,Machent,fmachent9o@businessinsider.com,Male,144.133.237.45
350,Renee,Harring,rharring9p@so-net.ne.jp,Female,186.48.48.178
351,Shana,Thwaite,sthwaite9q@ed.gov,Agender,172.170.89.171
352,Agretha,Bamborough,abamborough9r@lycos.com,Female,141.64.34.168
353,Lovell,Dearle,ldearle9s@ezinearticles.com,Male,220.85.78.30
354,Fredek,Pock,fpock9t@nyu.edu,Male,188.200.102.111
355,Holt,Stolworthy,hstolworthy9u@quantcast.com,Male,30.177.10.128
356,Giulio,Blackmuir,gblackmuir9v@printfriendly.com,Male,168.10.27.237
357,Clementia,Emeney,cemeney9w@fc2.com,Female,161.40.218.130
358,Georas,Corish,gcorish9x@liveinternet.ru,Male,143.1.147.210
359,Davin,Moreby,dmoreby9y@jiathis.com,Male,249.58.99.41
360,Tomi,Bremen,tbremen9z@weebly.com,Female,53.50.140.254
361,Gibb,Cotterell,gcotterella0@hao123.com,Male,148.140.143.27
362,Ina,Banasevich,ibanasevicha1@is.gd,Female,224.131.104.22
363,Jermain,Burt,jburta2@nasa.gov,Male,66.142.106.216
364,Husein,Scourge,hscourgea3@fotki.com,Male,172.130.55.178
365,Lalo,Andryushin,landryushina4@icio.us,Male,106.186.114.36
366,Thayne,Roskelly,troskellya5@shutterfly.com,Male,40.207.237.121
367,Marthe,Goulter,mgoultera6@miitbeian.gov.cn,Female,183.171.198.39
368,Rozalin,Lacer,rlacera7@deviantart.com,Female,4.73.160.38
369,Lishe,Pouton,lpoutona8@opensource.org,Female,197.223.87.2
370,Jedidiah,Cloute,jcloutea9@shareasale.com,Male,205.134.153.90
371,Knox,Ohanessian,kohanessianaa@bbc.co.uk,Male,208.40.196.167
372,Bert,Libbis,blibbisab@prnewswire.com,Male,138.22.165.86
373,Emmey,Hadley,ehadleyac@free.fr,Female,173.198.75.161
374,Brita,Castillo,bcastilload@diigo.com,Female,84.249.243.172
375,Towney,Ingreda,tingredaae@un.org,Male,192.97.22.65
376,Erv,Telezhkin,etelezhkinaf@digg.com,Male,143.39.57.131
377,Niels,Spinke,nspinkeag@indiegogo.com,Male,147.112.177.154
378,Neddie,McIlvaney,nmcilvaneyah@webs.com,Male,149.30.92.1
379,Kay,Cammock,kcammockai@blogger.com,Female,42.57.246.227
380,Kingsley,Hammatt,khammattaj@bandcamp.com,Male,66.252.47.32
381,Shelly,Parlot,sparlotak@reference.com,Female,134.225.11.176
382,Neel,Ezzle,nezzleal@homestead.com,Male,159.181.56.250
383,Yulma,Ciraldo,yciraldoam@amazon.com,Male,244.213.176.33
384,Feliks,Casolla,fcasollaan@walmart.com,Male,121.188.0.109
385,Terencio,Ebrall,tebrallao@cocolog-nifty.com,Male,212.107.42.230
386,Minna,Morratt,mmorrattap@columbia.edu,Female,160.131.28.143
387,Artemus,Mackelworth,amackelworthaq@fc2.com,Male,254.44.33.166
388,Kalli,Heinsius,kheinsiusar@live.com,Female,8.236.121.65
389,Parsifal,Attyeo,pattyeoas@qq.com,Male,41.237.150.173
390,Borg,Larter,blarterat@oaic.gov.au,Male,102.8.76.66
391,Bianca,Bunt,bbuntau@meetup.com,Genderqueer,81.125.81.13
392,Mathian,Cello,mcelloav@nih.gov,Male,240.45.56.102
393,Kiersten,Olenin,koleninaw@usda.gov,Female,172.107.87.85
394,Kore,Coucha,kcouchaax@blogger.com,Female,133.62.50.27
395,Katinka,Moncreiff,kmoncreiffay@discovery.com,Female,52.213.204.9
396,Addie,Gerold,ageroldaz@sciencedaily.com,Genderfluid,6.140.213.128
397,Lelah,Barlie,lbarlieb0@indiegogo.com,Female,212.140.113.78
398,Kaitlynn,Roseborough,kroseboroughb1@tiny.cc,Female,132.148.244.40
399,Alvina,Plane,aplaneb2@hexun.com,Female,19.177.118.157
400,Johny,Smithe,jsmitheb3@ibm.com,Male,17.252.1.245
401,Petra,Van Der Weedenburg,pvanderweedenburgb4@tripod.com,Female,65.111.153.31
402,Iosep,Braundt,ibraundtb5@moonfruit.com,Male,128.15.133.225
403,Thia,Woodhouse,twoodhouseb6@whitehouse.gov,Female,118.72.173.176
404,Bernarr,Stieger,bstiegerb7@yandex.ru,Male,75.29.205.168
405,Mariann,Waudby,mwaudbyb8@dedecms.com,Female,117.211.88.43
406,Dunstan,Shackel,dshackelb9@virginia.edu,Male,32.151.120.159
407,Isobel,Limrick,ilimrickba@wunderground.com,Female,41.252.95.179
408,Dore,Farr,dfarrbb@t-online.de,Male,9.88.197.171
409,Genna,Hadfield,ghadfieldbc@sakura.ne.jp,Female,229.62.141.238
410,Shaylynn,Sieghart,ssieghartbd@liveinternet.ru,Female,9.40.228.65
411,Zach,Gibbens,zgibbensbe@yandex.ru,Male,40.128.181.121
412,Liane,Seine,lseinebf@flickr.com,Female,75.165.157.206
413,Etta,Biddiss,ebiddissbg@spiegel.de,Female,71.190.236.151
414,Guillema,Hoyles,ghoylesbh@printfriendly.com,Female,227.65.5.250
415,Miguelita,Lapham,mlaphambi@hubpages.com,Genderqueer,5.190.184.183
416,Roxanne,Priddis,rpriddisbj@google.ru,Genderqueer,244.229.39.82
417,Frazier,Cohen,fcohenbk@vistaprint.com,Male,99.94.25.52
418,Chaddie,Falloon,cfalloonbl@friendfeed.com,Male,161.3.121.110
419,Dorthea,Byrnes,dbyrnesbm@newyorker.com,Female,166.181.86.103
420,Johann,Pywell,jpywellbn@npr.org,Male,67.162.152.246
421,Huberto,Powner,hpownerbo@last.fm,Genderqueer,131.201.162.106
422,Stephine,Errey,serreybp@altervista.org,Female,207.37.84.156
423,Itch,Handforth,ihandforthbq@fc2.com,Male,171.20.110.182
424,Rocky,Eskrigg,reskriggbr@blogger.com,Male,138.99.46.97
425,Orel,Eastam,oeastambs@addtoany.com,Female,223.107.113.86
426,Rudy,Edgler,redglerbt@surveymonkey.com,Male,140.80.231.91
427,Lorrie,Orrey,lorreybu@mapquest.com,Male,233.195.93.35
428,Allianora,Havoc,ahavocbv@wikispaces.com,Female,135.100.32.167
429,Towney,Jammet,tjammetbw@dailymail.co.uk,Male,226.3.128.195
430,Mike,Walewicz,mwalewiczbx@oracle.com,Male,173.56.159.209
431,Zeke,Chitham,zchithamby@arizona.edu,Male,64.69.46.60
432,Emile,Shovelin,eshovelinbz@alexa.com,Male,54.63.107.51
433,Tades,Worster,tworsterc0@studiopress.com,Male,53.5.146.149
434,Brendon,Sandels,bsandelsc1@forbes.com,Male,63.160.229.71
435,Webster,Ede,wedec2@dagondesign.com,Male,62.11.79.242
436,Jere,Martin,jmartinc3@mayoclinic.com,Male,130.16.79.74
437,Johnny,Hoopper,jhoopperc4@prweb.com,Male,238.223.252.77
438,Evonne,Waistall,ewaistallc5@i2i.jp,Bigender,148.209.140.204
439,Camilla,Boog,cboogc6@youtu.be,Female,224.58.123.18
440,Berty,Angeli,bangelic7@hc360.com,Male,36.173.180.126
441,Inness,Espinosa,iespinosac8@woothemes.com,Male,49.197.158.72
442,Christye,Putton,cputtonc9@qq.com,Female,186.143.232.188
443,Arlina,Fibben,afibbenca@nasa.gov,Female,177.253.1.64
444,Jena,Scripps,jscrippscb@sphinn.com,Female,38.197.210.57
445,Dasie,Reveley,dreveleycc@shinystat.com,Female,214.103.88.234
446,Ferguson,Hairs,fhairscd@histats.com,Male,116.17.14.202
447,Charley,Jelk,cjelkce@sbwire.com,Male,207.214.198.50
448,See,Polhill,spolhillcf@de.vu,Male,82.58.246.95
449,Leland,Quan,lquancg@creativecommons.org,Male,185.245.115.13
450,Milly,Soppitt,msoppittch@flavors.me,Female,30.32.172.164
451,Minne,Arndell,marndellci@miitbeian.gov.cn,Female,168.133.2.147
452,Berny,Baudoux,bbaudouxcj@ft.com,Polygender,142.136.243.243
453,Susanna,Gainforth,sgainforthck@census.gov,Female,34.146.127.45
454,Moina,Cramond,mcramondcl@dot.gov,Female,240.30.119.38
455,Jasun,Cool,jcoolcm@jimdo.com,Male,17.247.75.60
456,Mimi,Nevett,mnevettcn@shutterfly.com,Female,235.110.123.146
457,Caril,Williamson,cwilliamsonco@hatena.ne.jp,Female,214.113.40.104
458,Franchot,Cheasman,fcheasmancp@ucla.edu,Male,171.189.238.180
459,Rudolfo,Stansfield,rstansfieldcq@nasa.gov,Male,154.159.77.212
460,Randie,Groundwater,rgroundwatercr@last.fm,Female,49.160.39.126
461,Bret,Guillart,bguillartcs@unblog.fr,Male,221.213.186.56
462,Lek,McKiernan,lmckiernanct@rediff.com,Male,134.18.17.6
463,Osborne,Frankling,ofranklingcu@earthlink.net,Genderqueer,140.163.221.124
464,Jud,Loughrey,jloughreycv@canalblog.com,Genderfluid,225.121.237.42
465,Cordie,Sherrum,csherrumcw@i2i.jp,Male,30.59.197.220
466,Leisha,Ovanesian,lovanesiancx@mapy.cz,Female,1.170.15.235
467,Megan,Mifflin,mmifflincy@ow.ly,Female,67.229.139.44
468,Laurie,Frensche,lfrenschecz@ning.com,Female,188.219.126.210
469,Bradly,Garden,bgardend0@github.com,Male,167.213.22.228
470,Osborn,Bagguley,obagguleyd1@mashable.com,Male,6.153.155.208
471,Paolo,Amoss,pamossd2@npr.org,Agender,32.157.97.111
472,Flss,Jerosch,fjeroschd3@sphinn.com,Female,10.230.5.130
473,Thacher,O'Donoghue,todonoghued4@ovh.net,Bigender,186.60.13.159
474,Theobald,Johann,tjohannd5@cam.ac.uk,Male,237.97.132.75
475,Wilona,Jee,wjeed6@flickr.com,Female,44.189.139.5
476,Marilin,McGuirk,mmcguirkd7@cbsnews.com,Female,177.232.6.177
477,Andria,L'Episcopio,alepiscopiod8@google.co.uk,Bigender,226.166.56.74
478,Torie,Dunlap,tdunlapd9@google.com.hk,Female,109.43.216.122
479,Powell,Hills,phillsda@wiley.com,Polygender,65.186.146.80
480,Thorn,Garrish,tgarrishdb@a8.net,Male,40.77.128.165
481,Lin,Beedham,lbeedhamdc@google.pl,Female,158.90.71.170
482,Basil,Cheine,bcheinedd@ocn.ne.jp,Male,252.48.244.12
483,Caesar,Merioth,cmeriothde@4shared.com,Male,67.167.69.44
484,Bayard,Hillitt,bhillittdf@usgs.gov,Male,3.131.9.229
485,Vina,Durrance,vdurrancedg@webs.com,Female,26.128.7.5
486,Fiona,Lightbown,flightbowndh@nbcnews.com,Female,164.94.141.12
487,Benedikt,Redferne,bredfernedi@imgur.com,Male,34.145.149.100
488,Iggy,Goatcher,igoatcherdj@blogtalkradio.com,Male,233.1.74.140
489,Jo-ann,Trustrie,jtrustriedk@usda.gov,Female,168.113.116.16
490,Mickie,Canceller,mcancellerdl@qq.com,Female,143.157.61.41
491,Leah,Tabram,ltabramdm@biblegateway.com,Female,193.212.74.3
492,Darsie,Menaul,dmenauldn@ask.com,Female,103.221.89.192
493,Mathew,Arnolds,marnoldsdo@xing.com,Male,246.236.18.143
494,Wilek,Peachey,wpeacheydp@instagram.com,Male,152.77.204.4
495,Brandi,Cathcart,bcathcartdq@nih.gov,Female,144.229.191.174
496,Ginnie,Buyers,gbuyersdr@cmu.edu,Female,12.91.170.55
497,Anthony,Rowdell,arowdellds@dell.com,Male,139.165.82.86
498,Ardith,Mitchenson,amitchensondt@yahoo.com,Female,160.211.161.28
499,Sutherland,Crumpe,scrumpedu@cyberchimps.com,Male,159.34.55.196
500,Earvin,Bulfoot,ebulfootdv@ezinearticles.com,Male,107.122.232.118
501,Conrade,Gossipin,cgossipindw@slashdot.org,Male,34.33.212.251
502,Claudetta,Teenan,cteenandx@epa.gov,Female,67.67.46.98
503,Kingston,Verman,kvermandy@tuttocitta.it,Male,89.57.214.75
504,Tore,Weldrake,tweldrakedz@webmd.com,Male,147.12.127.26
505,Dare,Wadlow,dwadlowe0@wikispaces.com,Male,167.192.174.136
506,Chantal,Slorach,cslorache1@netscape.com,Female,11.214.38.211
507,Redd,Parkhouse,rparkhousee2@harvard.edu,Male,74.68.212.166
508,Nadya,Guttridge,nguttridgee3@jalbum.net,Female,118.145.119.188
509,Elliott,Benson,ebensone4@slate.com,Male,178.15.234.53
510,Kellby,Byass,kbyasse5@mit.edu,Male,83.184.26.200
511,Erl,Grishukov,egrishukove6@sakura.ne.jp,Agender,125.48.47.27
512,Gertrude,Skelton,gskeltone7@g.co,Female,53.131.193.145
513,Barny,Woolgar,bwoolgare8@pinterest.com,Genderfluid,64.132.186.123
514,Spense,Kolodziej,skolodzieje9@instagram.com,Male,171.34.177.113
515,Brockie,Behrens,bbehrensea@theguardian.com,Male,51.205.8.170
516,Claudina,Roseveare,croseveareeb@sakura.ne.jp,Bigender,128.228.178.176
517,Arliene,Gazey,agazeyec@businesswire.com,Female,173.192.94.184
518,Gavin,Alleyn,galleyned@forbes.com,Male,208.242.115.229
519,Bryce,Potteridge,bpotteridgeee@spiegel.de,Male,48.44.93.141
520,Devy,Mouncey,dmounceyef@netvibes.com,Agender,87.192.174.106
521,Trenna,Dickins,tdickinseg@ebay.co.uk,Female,8.114.188.124
522,Larry,Klaaasen,lklaaaseneh@macromedia.com,Male,61.157.237.12
523,Wake,McGready,wmcgreadyei@sciencedaily.com,Non-binary,130.155.8.139
524,Madelle,Manilove,mmaniloveej@loc.gov,Female,29.82.173.106
525,Kiele,Verzey,kverzeyek@ask.com,Female,74.186.64.50
526,Maurizia,Casewell,mcasewellel@people.com.cn,Female,84.215.135.219
527,Myra,Mathwin,mmathwinem@hp.com,Female,38.232.227.141
528,Gardie,Ricciardi,gricciardien@tamu.edu,Male,198.228.59.192
529,Warner,Stribling,wstriblingeo@apache.org,Male,139.107.99.148
530,Robinetta,Hadgraft,rhadgraftep@reddit.com,Female,216.101.231.202
531,Emogene,Sneaker,esneakereq@creativecommons.org,Female,6.243.150.60
532,Terrill,Bawdon,tbawdoner@webnode.com,Male,74.18.43.10
533,Giffie,Wilcocks,gwilcockses@salon.com,Male,241.12.89.225
534,Frederico,Elsom,felsomet@qq.com,Male,134.244.85.98
535,Gertrude,Westphal,gwestphaleu@dagondesign.com,Female,148.139.11.92
536,Whit,Dumbarton,wdumbartonev@reference.com,Male,5.180.67.199
537,Leslie,Lines,llinesew@state.gov,Female,213.185.125.132
538,Bent,Buckthorpe,bbuckthorpeex@stanford.edu,Male,156.160.252.26
539,Johna,Panas,jpanasey@google.ca,Female,212.81.235.61
540,Tom,Borborough,tborboroughez@networkadvertising.org,Male,119.172.247.170
541,Adriena,Ianelli,aianellif0@cbsnews.com,Female,195.88.44.237
542,Perrine,Gauvin,pgauvinf1@columbia.edu,Female,252.215.148.62
543,Crin,Waight,cwaightf2@t.co,Female,234.192.35.196
544,Alene,Gallaher,agallaherf3@taobao.com,Female,181.148.187.55
545,George,Huge,ghugef4@marriott.com,Male,145.32.181.56
546,Helaina,Devitt,hdevittf5@acquirethisname.com,Female,139.152.243.129
547,Orland,Nizard,onizardf6@posterous.com,Male,90.186.183.191
548,Uriel,Groome,ugroomef7@odnoklassniki.ru,Male,57.76.158.11
549,Elka,Woolvin,ewoolvinf8@hc360.com,Female,85.248.212.76
550,Yankee,Swale,yswalef9@nsw.gov.au,Male,161.185.106.100
551,Trixy,Fealy,tfealyfa@princeton.edu,Female,184.13.252.104
552,Kasper,Cookley,kcookleyfb@accuweather.com,Male,186.243.196.78
553,Fremont,Downs,fdownsfc@ezinearticles.com,Male,203.68.34.140
554,Elfie,Osbaldeston,eosbaldestonfd@instagram.com,Female,9.188.164.195
555,Klaus,Prynne,kprynnefe@alibaba.com,Male,233.67.88.208
556,Ragnar,Canadine,rcanadineff@rediff.com,Male,9.44.198.158
557,Gusta,Stoyle,gstoylefg@devhub.com,Female,103.19.178.238
558,Renae,Sawle,rsawlefh@statcounter.com,Female,76.38.3.170
559,Virgie,Claisse,vclaissefi@indiegogo.com,Male,136.97.44.7
560,Conney,Albion,calbionfj@va.gov,Male,37.247.130.113
561,Melodee,Loughran,mloughranfk@gmpg.org,Female,248.151.3.211
562,Klemens,Champken,kchampkenfl@bloglines.com,Male,122.70.139.191
563,Wheeler,Troughton,wtroughtonfm@java.com,Male,189.21.108.10
564,Timmy,Sighart,tsighartfn@tamu.edu,Female,231.145.128.168
565,Hobey,Baldoni,hbaldonifo@ft.com,Male,163.173.119.120
566,Rodge,Rosenbaum,rrosenbaumfp@pagesperso-orange.fr,Male,191.156.156.121
567,Marian,Syer,msyerfq@purevolume.com,Female,137.198.229.62
568,Vidovic,Tinham,vtinhamfr@scientificamerican.com,Male,15.55.109.38
569,Dredi,Idwal Evans,didwalevansfs@wordpress.org,Female,158.253.235.164
570,Dorie,Goodson,dgoodsonft@biglobe.ne.jp,Male,53.254.159.134
571,Nanette,Maty,nmatyfu@dedecms.com,Female,205.237.72.76
572,Christabella,Drewet,cdrewetfv@last.fm,Female,133.240.201.156
573,Erek,Cowpe,ecowpefw@chronoengine.com,Male,9.251.144.77
574,Ferdinande,Pauleit,fpauleitfx@domainmarket.com,Female,221.227.60.183
575,Wally,Lowdwell,wlowdwellfy@blog.com,Female,229.73.113.241
576,Howie,Rabbitts,hrabbittsfz@domainmarket.com,Male,58.101.146.15
577,Forester,Fishbie,ffishbieg0@gmpg.org,Male,97.248.145.216
578,Marlie,Leadbeater,mleadbeaterg1@livejournal.com,Female,157.38.156.78
579,Malchy,Garaway,mgarawayg2@flickr.com,Male,94.157.149.243
580,Steffen,Wilmore,swilmoreg3@apache.org,Genderfluid,210.229.246.80
581,Tomaso,Dallaway,tdallawayg4@networksolutions.com,Male,114.98.150.230
582,Kip,Troni,ktronig5@last.fm,Male,181.86.151.216
583,Verge,Sievewright,vsievewrightg6@reuters.com,Male,51.167.54.171
584,Broddy,Twelvetrees,btwelvetreesg7@gizmodo.com,Male,165.194.184.153
585,Bernhard,Raywood,braywoodg8@usatoday.com,Male,161.113.105.85
586,Dunstan,Etchells,detchellsg9@ibm.com,Male,130.224.61.124
587,Errol,Bythell,ebythellga@wix.com,Male,193.12.213.71
588,Dukie,Bonsale,dbonsalegb@youku.com,Male,218.44.114.135
589,Egor,Goodinge,egoodingegc@imageshack.us,Male,169.136.123.248
590,Mendie,Tringham,mtringhamgd@usnews.com,Male,252.167.168.156
591,Ciel,Wyre,cwyrege@ucla.edu,Female,65.56.245.156
592,Gilberto,Leathard,gleathardgf@bloglovin.com,Male,248.77.18.141
593,Daisey,Ughini,dughinigg@sina.com.cn,Female,41.89.202.255
594,Sayers,Wallington,swallingtongh@dyndns.org,Male,114.41.183.225
595,Lauretta,Spanton,lspantongi@sakura.ne.jp,Female,237.45.71.193
596,Kayla,Hoolaghan,khoolaghangj@ted.com,Female,141.10.190.31
597,Allianora,Klimek,aklimekgk@quantcast.com,Female,238.12.63.45
598,Othilia,Leinthall,oleinthallgl@amazon.co.jp,Female,112.55.69.124
599,Che,Swallwell,cswallwellgm@noaa.gov,Male,72.35.90.3
600,Menard,Renshell,mrenshellgn@163.com,Male,89.54.4.249
601,Tarrance,Sedgebeer,tsedgebeergo@ow.ly,Genderqueer,193.158.177.121
602,Pollyanna,Holbury,pholburygp@ameblo.jp,Polygender,244.136.147.125
603,Nelie,Tooth,ntoothgq@narod.ru,Female,171.140.65.163
604,Bidget,Sherman,bshermangr@nature.com,Female,90.229.79.249
605,Karilynn,Eingerfield,keingerfieldgs@rakuten.co.jp,Female,182.1.70.174
606,Templeton,Cristofolo,tcristofologt@google.ru,Male,119.178.220.191
607,Chester,Gierhard,cgierhardgu@vimeo.com,Male,244.126.25.69
608,Marcellina,Cale,mcalegv@webeden.co.uk,Female,76.44.227.62
609,Shelley,Byrd,sbyrdgw@imgur.com,Female,15.174.185.63
610,Manon,Mary,mmarygx@telegraph.co.uk,Female,6.127.152.20
611,Merrill,Fedoronko,mfedoronkogy@soup.io,Male,54.195.15.75
612,Karena,Heasley,kheasleygz@twitpic.com,Female,27.154.241.116
613,Sherie,McComish,smccomishh0@twitpic.com,Female,233.52.86.121
614,Glory,Humphries,ghumphriesh1@java.com,Female,197.84.19.56
615,Darci,Swate,dswateh2@businessinsider.com,Female,24.146.101.241
616,Rafaela,Teaser,rteaserh3@oakley.com,Female,240.173.80.208
617,Hally,Cavolini,hcavolinih4@jigsy.com,Female,211.142.106.167
618,Richmound,Menpes,rmenpesh5@indiatimes.com,Male,134.86.59.223
619,Scarlet,Pawlowicz,spawlowiczh6@europa.eu,Female,168.218.136.161
620,Davey,Fosdyke,dfosdykeh7@businessweek.com,Genderfluid,66.4.113.150
621,Mace,Morford,mmorfordh8@discovery.com,Male,193.68.132.224
622,Rafael,Cadogan,rcadoganh9@europa.eu,Male,17.206.205.203
623,Sheila,Chater,schaterha@pen.io,Female,97.233.241.241
624,Piotr,Dale,pdalehb@cnbc.com,Male,26.194.31.136
625,Ainslie,Honack,ahonackhc@blog.com,Female,75.112.229.200
626,Maressa,Maharry,mmaharryhd@xrea.com,Female,44.29.116.42
627,Leonerd,Lamperti,llampertihe@wikimedia.org,Male,220.254.78.167
628,Agosto,Rawsthorne,arawsthornehf@pen.io,Male,80.93.43.254
629,Chloe,Kubera,ckuberahg@timesonline.co.uk,Female,22.46.249.77
630,Laural,Quinane,lquinanehh@tinyurl.com,Female,130.42.202.93
631,Cathleen,Parley,cparleyhi@live.com,Female,202.119.78.215
632,Aprilette,Philip,aphiliphj@miibeian.gov.cn,Genderqueer,227.155.5.113
633,Janelle,Gallo,jgallohk@jigsy.com,Female,30.173.201.51
634,Corella,Bresland,cbreslandhl@chicagotribune.com,Female,72.16.73.234
635,Horatia,Blooman,hbloomanhm@163.com,Female,65.98.230.132
636,Linoel,Allworthy,lallworthyhn@engadget.com,Male,20.104.160.65
637,Dyana,Ashcroft,dashcroftho@miibeian.gov.cn,Female,16.39.225.238
638,Kristy,Gathwaite,kgathwaitehp@imageshack.us,Female,94.143.157.87
639,Sasha,Bugdell,sbugdellhq@google.com,Female,201.157.185.33
640,Krissy,Stanney,kstanneyhr@reference.com,Female,144.170.118.215
641,Ivonne,Stanbury,istanburyhs@xrea.com,Genderqueer,189.133.30.134
642,Onofredo,Elesander,oelesanderht@mac.com,Male,153.119.103.206
643,Alanah,Reeders,areedershu@about.me,Non-binary,241.3.165.222
644,Thurston,Lorkins,tlorkinshv@zimbio.com,Male,221.74.86.136
645,Penelopa,Sabban,psabbanhw@princeton.edu,Female,35.8.94.56
646,Drusy,Demogeot,ddemogeothx@wp.com,Female,71.186.89.185
647,Kelcy,Dick,kdickhy@samsung.com,Female,106.59.199.161
648,Simmonds,Cambell,scambellhz@mtv.com,Male,85.69.164.211
649,Ranique,Mate,rmatei0@mozilla.com,Female,175.165.112.26
650,James,Petow,jpetowi1@miibeian.gov.cn,Male,85.202.49.191
651,Chilton,Drioli,cdriolii2@cmu.edu,Male,220.189.65.205
652,Lenee,Gammet,lgammeti3@mit.edu,Female,173.220.22.238
653,Eddie,Rene,erenei4@hexun.com,Male,210.110.139.153
654,Benjie,Penkethman,bpenkethmani5@hubpages.com,Male,246.225.93.200
655,Olia,Fake,ofakei6@stanford.edu,Female,243.28.11.32
656,Zechariah,Harback,zharbacki7@wisc.edu,Male,42.155.38.177
657,Letizia,Dishmon,ldishmoni8@youku.com,Female,15.12.144.96
658,Remus,Boolsen,rboolseni9@vk.com,Male,229.239.214.130
659,Stern,Broske,sbroskeia@t.co,Male,196.92.235.39
660,Katine,Doram,kdoramib@mail.ru,Female,90.155.153.163
661,Jean,Skpsey,jskpseyic@parallels.com,Male,254.209.34.130
662,Brandie,Goroni,bgoroniid@comcast.net,Female,35.250.188.177
663,Jasmina,Beany,jbeanyie@jigsy.com,Female,168.168.114.248
664,Odetta,Kiddey,okiddeyif@mayoclinic.com,Female,25.146.192.30
665,Moina,Dunican,mdunicanig@scribd.com,Female,122.197.236.106
666,Doro,Russam,drussamih@cpanel.net,Female,9.140.149.145
667,Isaiah,Macartney,imacartneyii@xing.com,Male,179.181.51.146
668,Carleton,Readwing,creadwingij@123-reg.co.uk,Male,111.135.151.20
669,Andros,Coxen,acoxenik@buzzfeed.com,Male,65.7.169.160
670,Erhart,Pietesch,epieteschil@drupal.org,Male,219.235.36.174
671,Saul,Balog,sbalogim@over-blog.com,Male,203.38.43.211
672,Alverta,Corrington,acorringtonin@cocolog-nifty.com,Female,211.122.98.206
673,Sandor,Jerrolt,sjerroltio@europa.eu,Male,240.210.127.184
674,Lisbeth,Elleton,lelletonip@is.gd,Female,40.241.121.17
675,Sallie,Wankel,swankeliq@patch.com,Agender,178.26.247.3
676,Sam,Taye,stayeir@xinhuanet.com,Bigender,193.13.40.198
677,Rodge,Janeczek,rjaneczekis@earthlink.net,Male,232.119.174.229
678,Freeland,Jedrasik,fjedrasikit@dropbox.com,Polygender,27.119.209.180
679,Brok,Harberer,bharbereriu@scribd.com,Male,60.107.24.165
680,Shirlene,Gheerhaert,sgheerhaertiv@vinaora.com,Female,110.49.5.21
681,Ky,Rainton,kraintoniw@comcast.net,Male,242.136.101.14
682,Anjela,Crickett,acrickettix@bigcartel.com,Female,252.205.173.196
683,Ilse,Boffin,iboffiniy@t.co,Female,138.221.179.241
684,Grace,Luchetti,gluchettiiz@prlog.org,Female,19.193.114.151
685,Ansley,Hartup,ahartupj0@home.pl,Female,249.215.149.186
686,Babita,Cleever,bcleeverj1@sphinn.com,Female,39.219.58.82
687,Nicolai,Feehely,nfeehelyj2@cocolog-nifty.com,Male,112.137.3.77
688,Sigmund,Luker,slukerj3@freewebs.com,Male,128.158.3.228
689,Ardra,Cadney,acadneyj4@sitemeter.com,Female,96.3.133.26
690,Kaitlynn,Brounsell,kbrounsellj5@statcounter.com,Female,113.80.29.97
691,Meggi,Yes,myesj6@yolasite.com,Female,111.66.123.157
692,Nancy,Grunson,ngrunsonj7@histats.com,Female,69.115.205.74
693,Ariela,Duncan,aduncanj8@who.int,Female,69.4.187.138
694,Audra,Arendt,aarendtj9@addtoany.com,Female,95.227.202.32
695,Cristin,Coche,ccocheja@alibaba.com,Female,222.228.37.158
696,Walden,Beckinsall,wbeckinsalljb@hatena.ne.jp,Male,188.250.21.9
697,Janith,Brookes,jbrookesjc@wix.com,Female,12.217.0.159
698,Octavius,Drayton,odraytonjd@statcounter.com,Genderqueer,124.113.23.232
699,Sonny,Keele,skeeleje@eventbrite.com,Male,249.149.92.195
700,Christoffer,Bale,cbalejf@imdb.com,Male,217.152.73.179
701,Simonne,Gabey,sgabeyjg@infoseek.co.jp,Female,85.177.193.141
702,Packston,Pruce,pprucejh@meetup.com,Male,83.8.102.166
703,Talbot,Dimock,tdimockji@arizona.edu,Male,109.185.170.79
704,Sonia,Newe,snewejj@ftc.gov,Female,144.208.50.145
705,Evelyn,Dabney,edabneyjk@narod.ru,Genderqueer,244.129.158.43
706,Gustaf,Bielby,gbielbyjl@themeforest.net,Polygender,142.35.27.62
707,Morgen,Futty,mfuttyjm@miitbeian.gov.cn,Female,244.88.243.153
708,Thorin,Lante,tlantejn@youtu.be,Male,158.37.80.149
709,King,Percival,kpercivaljo@hp.com,Male,71.3.81.141
710,Giovanni,Frith,gfrithjp@msn.com,Male,199.195.177.26
711,Hyman,Bartkiewicz,hbartkiewiczjq@163.com,Male,128.51.150.42
712,Virginie,Gwillym,vgwillymjr@salon.com,Female,242.186.61.151
713,Farrel,Attiwill,fattiwilljs@wired.com,Male,194.38.35.239
714,Clim,Rossander,crossanderjt@addthis.com,Male,173.89.212.199
715,Nert,Andrei,nandreiju@youku.com,Female,251.71.178.107
716,Norah,Klemke,nklemkejv@bravesites.com,Female,134.19.243.41
717,Linet,Hoggan,lhogganjw@unesco.org,Female,12.210.240.47
718,Cordi,Casa,ccasajx@princeton.edu,Female,141.130.15.10
719,Jilli,Stanwix,jstanwixjy@dell.com,Female,201.112.81.217
720,Adolpho,Longbothom,alongbothomjz@mapquest.com,Male,227.195.25.56
721,Pavia,Widdowfield,pwiddowfieldk0@topsy.com,Female,167.205.173.95
722,Zonnya,Noraway,znorawayk1@infoseek.co.jp,Genderfluid,103.199.201.72
723,Arabelle,Planks,aplanksk2@unicef.org,Female,92.191.12.62
724,Lorette,Garrattley,lgarrattleyk3@yellowbook.com,Female,107.209.134.70
725,Codie,Todarello,ctodarellok4@trellian.com,Agender,88.25.194.2
726,Otha,Wellesley,owellesleyk5@tripadvisor.com,Female,109.5.14.156
727,Florence,Hasson,fhassonk6@statcounter.com,Female,84.71.152.24
728,Laurie,June,ljunek7@ocn.ne.jp,Female,191.160.8.66
729,Carson,Thripp,cthrippk8@sourceforge.net,Male,113.98.161.131
730,Pearline,Handley,phandleyk9@youtube.com,Female,141.110.108.138
731,Cobby,Stradling,cstradlingka@shinystat.com,Male,69.62.231.197
732,Frasquito,Matyukon,fmatyukonkb@boston.com,Genderfluid,254.227.155.147
733,Tani,Crimes,tcrimeskc@rambler.ru,Agender,97.226.144.81
734,Yancy,Safont,ysafontkd@scientificamerican.com,Male,79.141.36.136
735,Dacia,Wehner,dwehnerke@pinterest.com,Female,44.197.91.90
736,Freda,Domotor,fdomotorkf@pbs.org,Genderqueer,122.212.24.101
737,Grant,Grimmolby,ggrimmolbykg@about.me,Male,254.17.246.31
738,Harriet,Arnolds,harnoldskh@alexa.com,Female,208.137.93.159
739,Meade,Knight,mknightki@auda.org.au,Female,139.139.14.25
740,Welby,Tudge,wtudgekj@ebay.co.uk,Male,51.214.108.127
741,Whitney,Nerval,wnervalkk@nih.gov,Female,72.0.230.104
742,Conway,Skiggs,cskiggskl@nydailynews.com,Male,219.52.46.6
743,Alene,Heisler,aheislerkm@multiply.com,Female,161.62.63.73
744,Glennis,Frowd,gfrowdkn@zdnet.com,Female,69.126.81.170
745,Reina,Formigli,rformigliko@live.com,Female,149.2.156.13
746,Spenser,Labbez,slabbezkp@cyberchimps.com,Male,229.87.47.243
747,Nelli,Heiton,nheitonkq@gov.uk,Female,255.143.203.10
748,Roley,Orsay,rorsaykr@ted.com,Male,54.226.234.117
749,Caz,Purchall,cpurchallks@ezinearticles.com,Male,84.252.204.38
750,Coral,Bingell,cbingellkt@blinklist.com,Female,217.189.155.131
751,Jimmie,Vela,jvelaku@oakley.com,Male,14.203.170.225
752,Felicle,Emmott,femmottkv@bloglovin.com,Female,85.78.198.228
753,Tobit,Belford,tbelfordkw@exblog.jp,Male,150.29.144.47
754,Amil,Bernard,abernardkx@jiathis.com,Female,60.205.139.2
755,Ruddy,Westbrook,rwestbrookky@posterous.com,Male,194.133.160.196
756,Malinde,Furminger,mfurmingerkz@livejournal.com,Female,198.130.31.229
757,Neill,Benito,nbenitol0@wufoo.com,Male,26.176.59.135
758,Myrwyn,Diche,mdichel1@phpbb.com,Male,68.24.124.165
759,Tonie,Sobieski,tsobieskil2@angelfire.com,Female,248.40.61.188
760,Jillie,Rossander,jrossanderl3@mozilla.com,Female,53.86.181.185
761,Gary,Bortolozzi,gbortolozzil4@slashdot.org,Male,175.163.24.156
762,Trev,Dowglass,tdowglassl5@google.es,Male,131.167.233.136
763,Celestine,Westmore,cwestmorel6@sourceforge.net,Female,218.47.32.52
764,Bryce,O'Donegan,bodoneganl7@bloglines.com,Male,229.189.24.250
765,Marillin,Izkovicz,mizkoviczl8@imageshack.us,Female,182.39.57.129
766,Ringo,Deeves,rdeevesl9@noaa.gov,Male,204.130.209.225
767,Zelda,Kiln,zkilnla@exblog.jp,Female,85.31.237.210
768,Wash,Glasbey,wglasbeylb@gravatar.com,Male,140.15.199.108
769,Sibyl,Ilewicz,silewiczlc@clickbank.net,Female,187.8.103.202
770,Korrie,Menci,kmencild@wikimedia.org,Female,134.72.182.228
771,Thorny,Wingham,twinghamle@npr.org,Male,93.218.181.28
772,Lionel,Kleis,lkleislf@google.com.br,Male,180.114.30.197
773,Alisa,Ellph,aellphlg@drupal.org,Agender,109.57.169.208
774,Shannon,Dufour,sdufourlh@sciencedaily.com,Female,197.127.208.116
775,Elvis,Cornforth,ecornforthli@home.pl,Male,137.90.22.15
776,Quincey,Ballefant,qballefantlj@theatlantic.com,Male,153.126.34.139
777,Bobbe,Behr,bbehrlk@sogou.com,Female,114.219.87.94
778,Grannie,Routley,groutleyll@amazonaws.com,Male,89.146.243.124
779,Quintana,Kirrage,qkirragelm@gnu.org,Female,65.37.76.251
780,Jaimie,Macieja,jmaciejaln@army.mil,Female,194.175.127.62
781,Grace,Fassbindler,gfassbindlerlo@npr.org,Male,141.40.111.101
782,Dayle,Digby,ddigbylp@phpbb.com,Female,191.214.79.14
783,Tybie,Otson,totsonlq@examiner.com,Genderfluid,130.163.227.153
784,Early,Meggison,emeggisonlr@cargocollective.com,Male,30.220.68.133
785,Ivette,Jaszczak,ijaszczakls@tmall.com,Female,152.199.140.180
786,Gunther,Gullyes,ggullyeslt@weibo.com,Male,23.142.187.115
787,Florrie,Redish,fredishlu@feedburner.com,Female,23.48.218.112
788,Edyth,MacKissack,emackissacklv@google.es,Female,216.133.247.86
789,Minnaminnie,Perillo,mperillolw@parallels.com,Female,18.145.210.197
790,Noelle,Fold,nfoldlx@mayoclinic.com,Female,21.101.141.14
791,Izabel,Georgelin,igeorgelinly@barnesandnoble.com,Female,177.159.29.95
792,Astra,Kenealy,akenealylz@yahoo.co.jp,Female,26.198.221.208
793,Cordi,Mayman,cmaymanm0@omniture.com,Female,233.247.3.203
794,Reinald,Hawkes,rhawkesm1@bandcamp.com,Male,64.157.223.96
795,Nathanial,Ratlee,nratleem2@cnn.com,Male,132.73.170.47
796,Gay,Damant,gdamantm3@cam.ac.uk,Male,150.77.56.149
797,Budd,Plumm,bplummm4@cnn.com,Male,192.192.26.36
798,Colan,Rhubottom,crhubottomm5@eepurl.com,Bigender,41.200.181.197
799,Isac,Manchester,imanchesterm6@com.com,Male,234.19.61.219
800,Aleta,Bonnyson,abonnysonm7@mysql.com,Female,95.51.158.88
801,Issi,Stichel,istichelm8@skype.com,Female,105.172.92.117
802,Heloise,Handes,hhandesm9@paypal.com,Female,182.44.12.91
803,Che,McFadin,cmcfadinma@washington.edu,Male,138.244.170.157
804,Averil,Condell,acondellmb@narod.ru,Female,42.52.135.94
805,Thor,Torri,ttorrimc@mysql.com,Male,72.89.0.60
806,Marty,Gherarducci,mgherarduccimd@umn.edu,Female,150.145.93.87
807,Rodney,Pattle,rpattleme@ask.com,Male,71.252.252.138
808,Waylon,Ladon,wladonmf@techcrunch.com,Male,127.197.221.85
809,Noreen,Dawid,ndawidmg@seattletimes.com,Female,2.170.177.141
810,Chlo,Heggs,cheggsmh@dion.ne.jp,Female,117.161.93.92
811,Sergei,Doog,sdoogmi@army.mil,Male,136.248.44.118
812,Shina,Nuzzetti,snuzzettimj@comcast.net,Female,47.8.115.178
813,Hubey,Ceresa,hceresamk@twitpic.com,Male,179.149.13.24
814,Salvatore,Kestell,skestellml@wikimedia.org,Male,42.155.41.36
815,Antony,Beedom,abeedommm@constantcontact.com,Male,26.56.165.146
816,Korney,Laverock,klaverockmn@umn.edu,Female,60.189.172.171
817,Edik,Walshe,ewalshemo@thetimes.co.uk,Bigender,144.253.211.96
818,Aeriela,Houlston,ahoulstonmp@cbsnews.com,Genderqueer,220.171.52.162
819,Stacy,Arne,sarnemq@t.co,Female,15.189.32.197
820,Billie,Ewbank,bewbankmr@tiny.cc,Female,249.16.64.210
821,Sunny,Coop,scoopms@miitbeian.gov.cn,Female,208.57.11.126
822,Tammara,Ogger,toggermt@usgs.gov,Female,186.61.206.88
823,Leoline,Blaasch,lblaaschmu@jimdo.com,Female,26.235.76.212
824,Melody,Rosone,mrosonemv@woothemes.com,Female,160.249.103.188
825,Kippie,Liddiard,kliddiardmw@example.com,Female,225.114.7.12
826,Leona,Barrasse,lbarrassemx@fotki.com,Polygender,112.252.172.118
827,Appolonia,Sidnell,asidnellmy@mashable.com,Female,77.170.163.113
828,Viola,Asipenko,vasipenkomz@clickbank.net,Female,34.148.142.76
829,Dniren,Gale,dgalen0@icq.com,Female,142.151.129.254
830,Natalie,Nabbs,nnabbsn1@gmpg.org,Female,131.183.98.155
831,Jeromy,Vaz,jvazn2@apple.com,Male,40.168.141.164
832,Nerte,Conkay,nconkayn3@phpbb.com,Female,3.89.167.147
833,Birgitta,Ricker,brickern4@wikia.com,Female,253.25.104.231
834,Gibby,Le Maitre,glemaitren5@cbc.ca,Male,131.52.58.151
835,Orsa,Felder,ofeldern6@mapquest.com,Genderfluid,132.74.174.105
836,Cally,Kadwallider,ckadwallidern7@jigsy.com,Genderfluid,195.1.213.106
837,Cristabel,McMyler,cmcmylern8@oracle.com,Bigender,3.193.1.216
838,Rebe,Dunthorne,rdunthornen9@hao123.com,Female,232.90.158.91
839,Osgood,Uden,oudenna@yale.edu,Male,179.48.133.27
840,Susana,Beaven,sbeavennb@arizona.edu,Female,219.109.201.116
841,Kalila,Novacek,knovaceknc@ocn.ne.jp,Non-binary,50.191.137.164
842,Arlen,Abbey,aabbeynd@zimbio.com,Male,114.122.44.120
843,Rickie,Skoate,rskoatene@ameblo.jp,Male,63.131.117.91
844,Anatole,Morratt,amorrattnf@flavors.me,Male,36.133.243.183
845,Percival,Knightly,pknightlyng@un.org,Male,129.55.196.9
846,Dory,Tolchard,dtolchardnh@hibu.com,Male,183.0.249.118
847,Brendon,Riccio,briccioni@ovh.net,Male,149.163.88.12
848,Sargent,Liddicoat,sliddicoatnj@4shared.com,Male,54.95.112.212
849,Jess,Cristofanini,jcristofaninink@reuters.com,Non-binary,31.168.152.88
850,Ronni,Giacomucci,rgiacomuccinl@mozilla.com,Female,65.110.73.15
851,Maryrose,Whiting,mwhitingnm@tiny.cc,Agender,6.230.97.108
852,Loree,Crux,lcruxnn@redcross.org,Female,18.108.190.127
853,Kessiah,Hulke,khulkeno@bloomberg.com,Female,229.233.159.2
854,Tabina,Crummy,tcrummynp@flavors.me,Female,37.179.162.205
855,Ignaz,Kasher,ikashernq@webmd.com,Male,11.236.19.237
856,Ariel,Craw,acrawnr@e-recht24.de,Female,180.9.135.39
857,Astra,McRinn,amcrinnns@unesco.org,Female,157.218.204.157
858,Nicki,Katzmann,nkatzmannnt@netvibes.com,Female,64.90.156.43
859,Othelia,Bartel,obartelnu@gravatar.com,Female,76.99.41.126
860,Layton,Haire,lhairenv@woothemes.com,Male,161.77.147.96
861,Baxter,Oldland,boldlandnw@latimes.com,Male,2.224.197.144
862,Alick,Galer,agalernx@illinois.edu,Male,165.239.250.55
863,Adrienne,Witcombe,awitcombeny@ameblo.jp,Female,49.15.80.5
864,Devlen,Bursell,dbursellnz@istockphoto.com,Male,178.9.11.194
865,Crosby,Wike,cwikeo0@usa.gov,Male,177.53.251.85
866,Abagail,Drought,adroughto1@tmall.com,Female,2.84.166.42
867,Dallis,Dowthwaite,ddowthwaiteo2@mapy.cz,Bigender,146.16.185.176
868,Sadella,Grattan,sgrattano3@cisco.com,Female,127.36.94.60
869,Mathew,Dilliston,mdillistono4@va.gov,Agender,154.254.13.146
870,Sheeree,Kirke,skirkeo5@zdnet.com,Agender,172.92.236.152
871,Oralla,Kimblin,okimblino6@joomla.org,Female,200.115.56.183
872,Roseann,Kennham,rkennhamo7@blogtalkradio.com,Female,183.186.51.185
873,Gibby,Faro,gfaroo8@ihg.com,Male,59.21.9.202
874,Yorgos,Zarfai,yzarfaio9@wsj.com,Male,14.192.20.241
875,Scotty,MacRorie,smacrorieoa@w3.org,Non-binary,96.59.117.84
876,Silvano,Mc Caghan,smccaghanob@nifty.com,Male,120.219.220.213
877,Ladonna,Lailey,llaileyoc@delicious.com,Female,18.103.183.28
878,Hugo,Stockdale,hstockdaleod@vistaprint.com,Male,239.128.48.148
879,Dinny,Jockle,djockleoe@cafepress.com,Agender,13.93.228.223
880,Carol,Hanbidge,chanbidgeof@altervista.org,Female,117.183.90.230
881,Latrena,McGurgan,lmcgurganog@vk.com,Female,175.116.0.213
882,Agnese,Hughlin,ahughlinoh@angelfire.com,Female,172.109.73.187
883,Geneva,Norree,gnorreeoi@spiegel.de,Female,93.43.105.216
884,Cherilynn,Medina,cmedinaoj@google.cn,Female,240.167.13.42
885,Holly,Sivewright,hsivewrightok@ehow.com,Female,16.203.98.59
886,Jeffry,Sumsion,jsumsionol@usa.gov,Male,169.11.38.98
887,Clarette,Dumphry,cdumphryom@deliciousdays.com,Agender,78.111.205.255
888,Marion,Thaxter,mthaxteron@cmu.edu,Male,140.34.20.68
889,Maynord,Peirone,mpeironeoo@ocn.ne.jp,Male,124.150.10.228
890,Elysia,Snozzwell,esnozzwellop@sciencedaily.com,Female,141.67.246.251
891,Kerwinn,Korting,kkortingoq@google.it,Male,157.57.54.198
892,Stern,Bedle,sbedleor@omniture.com,Male,29.247.189.227
893,Bradney,Staves,bstavesos@cdc.gov,Male,71.166.242.133
894,Nicol,Armfirld,narmfirldot@un.org,Male,109.180.197.139
895,Sherwood,Gallaher,sgallaherou@dyndns.org,Male,78.181.234.187
896,Brigitta,Brook,bbrookov@reddit.com,Female,67.50.169.240
897,Nicholas,Yegorov,nyegorovow@squidoo.com,Male,77.209.5.74
898,Drake,Brennans,dbrennansox@yahoo.com,Male,210.151.3.246
899,Cecil,Westbrook,cwestbrookoy@mozilla.org,Female,4.182.204.237
900,Derron,Procter,dprocteroz@macromedia.com,Male,145.46.222.18
901,Codie,Brahams,cbrahamsp0@google.ru,Male,66.65.41.47
902,Trudie,Jagg,tjaggp1@arizona.edu,Female,103.169.161.56
903,Briney,Clogg,bcloggp2@feedburner.com,Female,41.68.170.241
904,Hana,Greaterex,hgreaterexp3@imgur.com,Female,141.133.186.192
905,Grant,Athey,gatheyp4@cloudflare.com,Male,131.152.102.148
906,Shawna,Filippello,sfilippellop5@state.tx.us,Female,217.61.60.61
907,Alvera,Tott,atottp6@quantcast.com,Female,76.163.142.78
908,Gael,Peggrem,gpeggremp7@kickstarter.com,Male,41.203.110.160
909,Sutherland,Leindecker,sleindeckerp8@cisco.com,Male,29.149.42.87
910,Rita,Yalden,ryaldenp9@sphinn.com,Female,182.151.66.96
911,Dyanne,D'Antuoni,ddantuonipa@is.gd,Female,196.125.81.253
912,Elie,Bruty,ebrutypb@yahoo.co.jp,Female,212.135.167.36
913,Myranda,Megarrell,mmegarrellpc@com.com,Female,50.151.166.221
914,Minna,De Filippis,mdefilippispd@nydailynews.com,Bigender,147.211.98.23
915,Shadow,McEwen,smcewenpe@gnu.org,Non-binary,146.139.67.220
916,Erminia,Millward,emillwardpf@zimbio.com,Bigender,91.158.135.68
917,Osbourn,Jancar,ojancarpg@amazon.com,Polygender,98.198.26.83
918,Esme,Morant,emorantph@newyorker.com,Female,51.53.25.86
919,Loni,Bearcroft,lbearcroftpi@businesswire.com,Female,26.50.70.255
920,Bernardine,Humerstone,bhumerstonepj@chron.com,Female,190.14.120.223
921,Killie,Ewebank,kewebankpk@newsvine.com,Male,33.130.192.1
922,Stinky,Mulrenan,smulrenanpl@clickbank.net,Male,169.23.197.169
923,Darrell,Casazza,dcasazzapm@amazon.co.uk,Male,83.38.203.182
924,Glen,Karpushkin,gkarpushkinpn@elegantthemes.com,Male,127.180.97.56
925,Agnesse,Ribey,aribeypo@bloglines.com,Female,129.223.7.19
926,Leroy,Pavelka,lpavelkapp@mapquest.com,Male,92.26.115.94
927,Arni,Coch,acochpq@imageshack.us,Male,62.22.203.245
928,Licha,Ruffler,lrufflerpr@imgur.com,Female,81.4.204.93
929,Mellicent,Renak,mrenakps@stumbleupon.com,Polygender,119.147.161.67
930,Meara,Doret,mdoretpt@comsenz.com,Female,43.212.71.187
931,Matilda,Tunna,mtunnapu@tmall.com,Female,193.180.120.40
932,Kassia,Charity,kcharitypv@ca.gov,Female,210.134.216.226
933,Nikolos,Blaise,nblaisepw@twitpic.com,Male,220.227.17.205
934,Shelly,Bedell,sbedellpx@goo.ne.jp,Female,181.155.244.214
935,Maitilde,McMichell,mmcmichellpy@vk.com,Female,197.64.114.105
936,Cece,Strewthers,cstrewtherspz@behance.net,Male,162.90.10.181
937,Jeffie,Figge,jfiggeq0@ox.ac.uk,Male,170.122.99.112
938,Chastity,Bothbie,cbothbieq1@chicagotribune.com,Female,67.95.94.116
939,Arthur,Jacobsz,ajacobszq2@qq.com,Male,231.10.243.154
940,Mercie,Raubenheimer,mraubenheimerq3@umn.edu,Female,223.141.235.217
941,Tann,Akess,takessq4@si.edu,Male,61.206.84.70
942,Myrilla,Avrahamoff,mavrahamoffq5@uol.com.br,Genderqueer,118.221.140.67
943,Giulietta,Beel,gbeelq6@youtu.be,Female,142.48.14.162
944,Micky,Rudyard,mrudyardq7@w3.org,Male,193.92.87.50
945,Carmel,Witterick,cwitterickq8@storify.com,Bigender,187.101.107.139
946,Margeaux,Edson,medsonq9@meetup.com,Female,10.100.196.184
947,Flory,Leverage,fleverageqa@4shared.com,Female,111.85.252.252
948,Kellby,Heathfield,kheathfieldqb@is.gd,Male,144.92.43.153
949,Marielle,Laible,mlaibleqc@angelfire.com,Female,178.36.76.140
950,Carolin,Dannett,cdannettqd@elpais.com,Genderfluid,2.106.65.118
951,Mallissa,Barringer,mbarringerqe@rambler.ru,Female,130.153.26.161
952,Beatrisa,Le Frank,blefrankqf@pinterest.com,Female,19.3.254.45
953,Willdon,Feather,wfeatherqg@samsung.com,Male,157.225.137.160
954,Philbert,Lovell,plovellqh@google.com.au,Bigender,212.20.5.232
955,Ailene,Gomery,agomeryqi@usatoday.com,Female,128.98.74.174
956,Cesaro,Lynd,clyndqj@mit.edu,Polygender,107.19.8.125
957,Corrine,Giraldez,cgiraldezqk@webnode.com,Female,45.97.178.185
958,Bren,Rosen,brosenql@japanpost.jp,Female,186.236.117.11
959,Arlette,Rameau,arameauqm@opera.com,Female,54.125.96.147
960,Zebedee,Fischer,zfischerqn@intel.com,Male,142.206.184.105
961,Omar,Stickells,ostickellsqo@globo.com,Male,86.156.251.173
962,Ddene,Wontner,dwontnerqp@reuters.com,Female,152.151.179.226
963,Milt,McLernon,mmclernonqq@artisteer.com,Male,220.183.117.12
964,Cobb,Penddreth,cpenddrethqr@etsy.com,Male,65.117.129.200
965,Judie,O'Hickee,johickeeqs@shinystat.com,Female,48.199.173.10
966,Lorraine,Dollar,ldollarqt@foxnews.com,Female,243.23.106.234
967,Keir,Breheny,kbrehenyqu@pen.io,Male,112.53.31.204
968,Patti,Roughan,proughanqv@hubpages.com,Female,243.20.173.193
969,Eugenia,Anthiftle,eanthiftleqw@tinyurl.com,Female,97.112.92.50
970,Beau,Ganning,bganningqx@weibo.com,Male,192.168.103.219
971,Leanor,Hatherill,lhatherillqy@vkontakte.ru,Female,200.33.139.173
972,Etan,Murison,emurisonqz@weather.com,Agender,114.110.189.11
973,Winn,Drewry,wdrewryr0@blogs.com,Agender,176.119.193.139
974,Gene,Howatt,ghowattr1@usda.gov,Female,8.140.231.225
975,De,Gilpin,dgilpinr2@odnoklassniki.ru,Female,188.200.7.229
976,Brendin,Mowbray,bmowbrayr3@illinois.edu,Male,138.245.84.218
977,Kathye,Pumfrett,kpumfrettr4@cmu.edu,Female,125.216.228.171
978,Felizio,McLeish,fmcleishr5@hubpages.com,Male,242.46.204.204
979,Orrin,Sarten,osartenr6@cornell.edu,Male,91.110.74.131
980,Bondon,Dane,bdaner7@oracle.com,Male,176.64.208.62
981,Mathe,Gurery,mgureryr8@cmu.edu,Male,168.72.17.248
982,Thalia,Clute,tcluter9@reddit.com,Female,17.178.220.87
983,Elston,Marquess,emarquessra@prnewswire.com,Male,87.253.107.24
984,Giselbert,Lyster,glysterrb@prnewswire.com,Male,25.71.91.195
985,Paddie,Kittredge,pkittredgerc@arizona.edu,Genderqueer,254.231.81.222
986,Carita,Astridge,castridgerd@123-reg.co.uk,Female,210.153.56.153
987,Meyer,Tarry,mtarryre@cisco.com,Male,0.75.197.72
988,Alvera,Hunston,ahunstonrf@paypal.com,Female,251.109.185.202
989,Mabelle,Heiss,mheissrg@quantcast.com,Female,53.130.133.106
990,Corby,Maldin,cmaldinrh@lycos.com,Male,154.87.3.144
991,Francoise,Clemens,fclemensri@narod.ru,Female,9.220.130.33
992,Marsiella,Philpott,mphilpottrj@amazon.co.jp,Female,149.125.228.21
993,Robinson,O'Neary,ronearyrk@elegantthemes.com,Male,72.108.170.159
994,Carmela,Brikner,cbriknerrl@seesaa.net,Female,156.134.193.38
995,Ichabod,Moulton,imoultonrm@usgs.gov,Male,186.12.65.185
996,Joseito,Aspray,jasprayrn@google.cn,Male,225.238.255.149
997,Virgil,Philott,vphilottro@spotify.com,Male,144.120.248.133
998,Efrem,Simeonov,esimeonovrp@mapy.cz,Male,32.216.90.158
999,Lou,Acom,lacomrq@unesco.org,Female,6.36.213.48
1000,Andee,Fontelles,afontellesrr@tumblr.com,Female,35.241.191.141
